<?xml version="1.0" encoding="UTF-8"?>
<addon
  id="inputstream.adaptive"
  version="2.4.0"
  name="InputStream Adaptive"
  provider-name="peak3d">
  <requires>
<import addon="kodi.binary.global.main" version="1.0.14"/>
<import addon="kodi.binary.global.general" version="1.0.3"/>
<import addon="kodi.binary.global.filesystem" version="1.0.2"/>
<import addon="kodi.binary.instance.inputstream" version="2.0.8"/>
<import addon="kodi.binary.instance.videocodec" version="1.0.1"/></requires>
  <extension
    point="kodi.inputstream"
    name="adaptive"
    extension=""
    tags="true"
    listitemprops="license_type|license_key|license_data|license_flags|manifest_type|server_certificate|stream_headers|manifest_update_parameter|original_audio_language|media_renewal_url|max_bandwidth|play_timeshift_buffer"
    library_linux="inputstream.adaptive.so.2.4.0"/>
  <extension point="xbmc.addon.metadata">
    <summary lang="en">InputStream client for adaptive streams</summary>
    <description lang="en">InputStream client for adaptive streams</description>
    <platform>linux</platform>
	<news>
v2.4.0 (2019-08-16)
- Update Kodi VFS API 1.0.3
- Build script cleanups

v2.3.22 (2019-06-14)
- Bento4: sample duration workaround (24/1)
- WVDecrypter: remove sleep between decrypt calls

v2.3.21 (2019-06-07)
- [DASH] initialize segment::range_begin_ for URL segments (youtube)

v2.3.20 (2019-06-07)
- Fix parsing PR ContentProtection KID

v2.3.19 (2019-06-02)
- [widevine] remove API 8 / Add API 11
- [TS] Signal configuration change if extra-data has changed
- [DASH] Use PlayReady WRMHEADER to retrieve DefaultKID
- [DASH] Allow URL_SEGMENTS + Range-Bytes

v2.3.18 (2019-05-11)
- align settings with internal resolution check
- [HLS] support single playlists

v2.3.17 (2019-04-16)
- Fix KID's with 0 char inside

v2.3.16 (2019-03-25)
- TTML parser fix
- [HLS] Add HEVC streams / Fix extra_data_size in ts parser
- [HLS] effective URL for license

v2.3.15 (2019-02-11)
- Fix windows build

v2.3.14 (2019-02-10)
- Add WebM container parser
	</news>
  </extension>
</addon>
